<?xml version="1.0" encoding="UTF-8"?>
<!--Add medical physicians in orderline-->
<templates id="template" xml:space="preserve">
    <t t-name="Orderline" t-inherit="point_of_sale.Orderline"
          t-inherit-mode="extension" owl="1">
           <xpath expr="//ul[hasclass('info-list')]" position="inside">
              <br/>
            <t t-if="line.physicians">
                Salesperson:
            <span id="variant_value" t-esc="line.physicians"/>
                <br/>
            </t>
        </xpath>
    </t>
</templates>
