<?xml version="1.0" encoding="UTF-8"?>
<!--ADDING BUTTON IN POS-->
<templates id="template" xml:space="preserve">
    <!-- <t t-name="SalesPersonButton1"> -->
    <t t-name="MedicalPhysiciansButton">
        <button class="control-button btn btn-light rounded-0 fw-bolder" t-on-click="() => this.onClick()">
           <i class="fa fa-pencil-square" role="img" aria-label="Products"
               title="Products" />
            <span> </span>
            <span>Select Physicians</span>
        </button>
    </t>
</templates>
