<?xml version="1.0" encoding="utf-8"?>
<odoo>
    <data noupdate="1">
        <!--        Blood Bank sequence-->
        <record id="image_sequence1" model="ir.sequence">
            <field name="name">Image Sequences</field>
            <field name="code">imaging.testperform</field>
            <field name="prefix">IMG</field>
            <field name="padding">6</field>
            <field name="number_next">1</field>
            <field name="number_increment">1</field>
        </record>


    </data>

</odoo>